"","player_name","new_club","price_pounds"
"1","Juan Cuadrado","Juventus",17330000
"2","Vinícius Júnior ","Real Madrid",39600000
"3","Vinícius Júnior","Flamengo",0
"4","Matthias Ostrzolek","Hannover 96",0
"5","Youri Tielemans","Monaco",21600000
"6","Diego López","Espanyol",0
"7","Benoît Costil","Bordeaux",0
"8","Asmir Begovic","Bournemouth",1e+07
"9","Sead Kolasinac","Arsenal",0
"10","Jon Flanagan","Liverpool",0
"11","Dominic Solanke","Liverpool",0
"12","Alex Kiwomya","Doncaster Rovers",NA
"13","Jordan Pickford","Everton",2.5e+07
"14","Davy Klaassen","Everton",23670000
"15","Tom Cleverley","Watford",8e+06
"16","Sam Hughes","Leicester City",NA
"17","Harry Maguire","Leicester City",1.7e+07
"18","Bernardo Silva","Manchester City",43600000
"19","Ederson","Manchester City",34900000
"20","Enes Unal","Villarreal",1.2e+07
"21","Angus Gunn","Norwich City",NA
"22","Victor Lindelof","Manchester United",3.1e+07
"23","Cuco Martina","Everton",NA
"24","Jason McCarthy","Barnsley",NA
"25","Darren Fletcher","Stoke City",0
"26","Alex Samuel","Stevenage",NA
"27","Pablo Zabaleta","West Ham United",0
"28","Jonathan Calleri","Deportivo Maldonado",NA
"29","Gokhan Tore","Besiktas",NA
"30","Serge Gnabry","Bayern Munich",7e+06
"31","Corentin Tolisso","Bayern Munich",36380000
"32","Niklas Süle","Bayern Munich",19290000
"33","Sebastian Rudy","Bayern Munich",NA
"34","Kingsley Coman","Bayern Munich",18410000
"35","Holger Badstuber","Bayern Munich",NA
"36","Medhi Benatia","Juventus",14900000
"37","Bruma","RB Leipzig",10960000
"38","Ibrahima Konaté","RB Leipzig",NA
"39","Yvon Mvogo","RB Leipzig",4380000
"40","Nils Quaschner","RB Leipzig",NA
"41","Atinc Nukan","RB Leipzig",NA
"42","Massimo Bruno","RB Leipzig",NA
"43","Anthony Jung","RB Leipzig",NA
"44","Rani Khedira","Augsburg",0
"45","Davie Selke","Hertha Berlin",7e+06
"46","Agyemang Diawusie","Wehen Wiesbaden",NA
"47","Benjamin Bellot","Brondby IF",NA
"48","Maximilian Philipp","Borussia Dortmund",17530000
"49","Dan-Axel Zagadou","Borussia Dortmund",NA
"50","Omer Toprak","Borussia Dortmund",10520000
"51","Mahmoud Dahoud","Borussia Dortmund",10520000
"52","Neven Subotic","Borussia Dortmund",NA
"53","Adrian Ramos","Borussia Dortmund",NA
"54","Adrian Ramos","Chongqing Dangdai Lifan FC",10520000
"55","Pascal Stenzel","Freiburg",3500000
"56","Justin Hoogma","Hoffenheim",1750000
"57","Florian Grillitsch","Hoffenheim",0
"58","Havard Nordtveit","Hoffenheim",1760000
"59","Kevin Akpoguma","Hoffenheim",NA
"60","Baris Atik","Hoffenheim",NA
"61","Park In-hyeok ","Hoffenheim",NA
"62","Antonio Colak","Hoffenheim",NA
"63","Baris Atik","Kaiserslautern",NA
"64","Pirmin Schwegler","Hannover 96",NA
"65","Nicolai Rapp","Erzgebirge Aue",NA
"66","Jannes Horn","FC Cologne",6170000
"67","Marcel Hartel","Union Berlin",NA
"68","Karim Rekik","Hertha Berlin",1940000
"69","Matthew Leckie","Hertha Berlin",2640000
"70","Marius Gersbeck","Hertha Berlin",NA
"71","Marius Gersbeck","Osnabrück",NA
"72","John Brooks","Wolfsburg",17630000
"73","Sami Allagui","St Pauli",NA
"74","Allan","Liverpool",NA
"75","Florian Kohls","Würzburger Kickers",NA
"76","Nils Körber","SC Preußen Münster",NA
"77","Florian Niederlechner","Freiburg",2030000
"78","Florian Kath","Freiburg",NA
"79","Jonas Meffert","Freiburg",NA
"80","Tim Kleindienst","Freiburg",NA
"81","Caleb Stanko","Freiburg",NA
"82","Sebastian Kerk","Freiburg",NA
"83","Vincenzo Grifo","Borussia Mönchengladbach",5290000
"84","Fabian Menig","Preußen Münster",NA
"85","Fabian Menig","Freiburg",NA
"86","Mark Torrejón","Union Berlin",0
"87","Sebastian Kerk","Nürnberg",350000
"88","Fabian Schleusener","Karlsruhe",NA
"89","Lucas Hufnagel","Nürnberg",NA
"90","Jonas Föhrenbach","Karlsruhe",NA
"91","Ludwig Augustinsson","Werder Bremen",4e+06
"92","Jerome Gondorf","Werder Bremen",1060000
"93","Laszlo Kleinheisler","FC Astana",NA
"94","Luca Zander","St Pauli",NA
"95","Leon Guwara","Kaiserslautern",NA
"96","Marnon Busch","Heidenheim",NA
"97","Raphael Wolf","Fortuna Düsseldorf",NA
"98","Nabil Bentaleb","Schalke 04",16750000
"99","Yevhen Konoplyanka","Schalke 04",1.1e+07
"100","Fabian Giefer","Augsburg",660000
"101","Klaas-Jan Huntelaar","Ajax",0
"102","Phil Neumann","Ingolstadt",0
"103","Baba Rahman","Chelsea",NA
"104","Timon Wellenreuther","Willem II",NA
"105","Jean-Luc Dompé","Amiens",NA
"106","Junior Tallo","Lille",NA
"107","Goran Karanovic","Angers",NA
"108","Yoane Wissa","Angers",NA
"109","Yoane Wissa","Ajaccio",NA
"110","Enzo Crivelli","Bordeaux",NA
"111","Lukas Lerager","Bordeaux",2640000
"112","Frédéric Guilbert","Bordeaux",NA
"113","Jérémy Ménez","Antalyaspor",NA
"114","Isaac Kiese-Thelin","Anderlecht",NA
"115","Christian Kouakou","Caen",NA
"116","Florian Le Joncour","Bordeaux",NA
"117","Jordan Nkololo","Caen",NA
"118","Jordan Adéoti","Auxerre",0
"119","Jordan Tell","Rennes",0
"120","Jean-Victor Makengo","Nice",NA
"121","Eden Massouema","Dijon",NA
"122","Pierre Lees-Melou","Nice",1760000
"123","Enzo Basilio","Rodez AF",0
"124","Marvin Martin","Lille",NA
"125","Pascal Gross","Brighton",2640000
"126","Josh Kerr","Brighton",NA
"127","Mathew Ryan","Brighton",5290000
"128","Nathangelo Markelo","Everton",NA
"129","Christian Atsu","Newcastle United",6e+06
"130","Kevin Mbabu","Young Boys",529000
"131","Sebastien Pocognoli","Standard Liège",0
"132","Bruno Gaspar","Fiorentina",3530000
"133","Etrit Berisha","Atalanta",4410000
"134","Andreas Cornelius","Atalanta",3100000
"135","Robin Gosens","Atalanta",660000
"136","Franck Kessié","Milan",NA
"137","Bruno Alves","Rangers",NA
"138","Vitor Hugo","Fiorentina",7050000
"139","Nikola Milenkovic","Fiorentina",4500000
"140","Cristian Tello","Barcelona",NA
"141","Daniele Padelli","Inter",NA
"142","Juan Pablo Carrizo","Monterrey",0
"143","André Silva","Milan",33500000
"144","Mateo Musacchio","Milan",1.5e+07
"145","Ricardo Rodriguez","Milan",13220000
"146","Héctor Moreno","Roma",5300000
"147","Valerio Verre","Sampdoria",3100000
"148","Jacopo Murano","SPAL",NA
"149","Vanja Milinkovic-Savic","Torino",2200000
"150","Lyanco","Torino",5300000
"151","Aly Malle","Udinese",NA
"152","Guilherme","Deportivo La Coruña",3530000
"153","Sven Kums","Watford",NA
"154","Sven Kums","Anderlecht",5730000
"155","Rubén Duarte","Alavés",350000
"156","Héctor Hernández","Alavés",NA
"157","Gorka Iraizoz","Girona",NA
"158","Leo Baptistão","Espanyol",3100000
"159","Sergio León","Real Betis",3100000
"160","Cristiano Piccini","Sporting",3100000
"161","Yoel","Eibar",660000
"162","Iván Alejo","Eibar",265000
"163","Pablo Piatti","Espanyol",1300000
"164","Javi Varas","Granada",NA
"165","Antonio Puertas","Granada",NA
"166","Ximo Navarro","Las Palmas",NA
"167","Raúl García","Leganés",NA
"168","Dimitris Siovas","Leganés",2380000
"169","Tito","Leganés",NA
"170","Pepe","Besiktas",NA
"171","Jan Zimmermann","Eintracht Frankfurt",NA
"172","Marius Wolf","Eintracht Frankfurt",NA
"173","Carlos Salcedo","Eintracht Frankfurt",NA
"174","Sebastien Haller","Eintracht Frankfurt",7050000
"175","Danny da Costa","Eintracht Frankfurt",880000
"176","Gelson Fernandes","Eintracht Frankfurt",880000
"177","Haris Seferovic","Benfica",NA
"178","Heinz Lindner","Grasshopper Zürich",NA
"179","Dominik Kohr","Bayer Leverkusen",1760000
"180","Albian Ajeti","St Gallen",880000
"181","Arianit Ferati","Erzgebirge Aue",NA
"182","Pierre Bengtsson","FC Copenhagen",880000
"183","Landry Dimata","Wolfsburg",8800000
"184","William","Wolfsburg",4400000
"185","Marvin Stefaniak","Wolfsburg",1320000
"186","Hendrik Hansen","Würzburger Kickers",NA
"187","Amara Condé","Holstein Kiel",NA
"188","Diego Benaglio","Monaco",NA
"189","Orel Mangala","Stuttgart",1580000
"190","Benjamin Hadzic","Stuttgart",NA
"191","Benjamin Uphoff","Karlsruhe",NA
"192","Toni Sunjic","Dynamo Moscow",440000
"193","Michael Esser","Hannover 96",1538000
"194","Yousef Emghames","Hannover 96",NA
"195","Tom Baller","Hannover 96",NA
"196","Julian Korb","Hannover 96",2500000
"197","Andre Hoffmann","Fortuna Düsseldorf",220000
"198","Reece Oxford","Borussia Mönchengladbach",NA
"199","Johan Martial ","Maccabi Petach-Tikva",NA
"200","Steven Fortes","Toulouse",NA
"201","Kenny Lala","Strasbourg",NA
"202","Pablo Martinez","Strasbourg",NA
"203","Laurent Dos Santos","Valenciennes",NA
"204","Abdelhak Belahmeur","Avranches",NA
"205","Faitout Maouassa","Rennes",6150000
"206","Hamari Traoré","Rennes",1750000
"207","Benjamin Bourigeaud","Rennes",2640000
"208","Adrien Tameze","Nice",7e+05
"209","Ruben Aguilar","Montpellier",NA
"210","Jordi Mboula","Monaco",2600000
"211","Soualiho Meïté","Monaco",7e+06
"212","Jordy Gaspar","Monaco",NA
"213","Nabil Dirar","Fenerbahce",4e+06
"214","Brighton Labeau","Amiens",NA
"215","Paul Nardi","Cercle Brugge",NA
"216","Russell Griffiths","Motherwell",NA
"217","Sergio García","Espanyol",NA
"218","Adrián González","Málaga",NA
"219","Luciano Vietto","Atlético Madrid",NA
"220","Andrés Fernández","Villarreal",1750000
"221","Rubén Semedo","Villarreal",12300000
"222","Gianluca Gaudino","Bayern Munich",NA
"223","Nicolas Pépé","Lille",8800000
"224","Enzo Basilio","Rodez Aveyron",NA
"225","Pedro Rebocho","Guingamp",480000
"226","Lebogang Phiri","Guingamp",0
"227","Fernando Marçal","Benfica",NA
"228","Fernando Marçal","Lyon",3900000
"229","Fousseni Diabaté","Ajaccio",NA
"230","Nill De Pauw","Zulte Waregem",310000
"231","Dorian Lévêque","PAOK",NA
"232","Mathieu Bodmer","Amiens",NA
"233","Luiz Araujo","Lille",8800000
"234","Alexis Araujo","Ajaccio",NA
"235","Stéphane Sparagna","Boavista",530000
"236","Carles Planas","Girona",NA
"237","René Adler","Mainz 05",NA
"238","Takuma Asano","Stuttgart",NA
"239","Matz Sels","Anderlecht",NA
"240","Orrin McKinze Gaines II","Darmstadt",NA
"241","Mickaël Cuisance","Borussia Mönchengladbach",NA
"242","Denis Zakaria","Borussia Mönchengladbach",8800000
"243","Michael Hector","Chelsea",NA
"244","Guillermo Valera","Manchester United",NA
"245","Jesus Vallejo","Real Madrid",NA
"246","Bojan Krkic","Stoke City",NA
"247","Philipp Köhn","RB Leipzig",NA
"248","Mohamed Salah","Liverpool",36900000
"249","Baptiste Guillaume","Angers",1750000
"250","Stef Peeters","Caen",1300000
"251","Felix Eboa Eboa","Guingamp",NA
"252","Hervé Koffi","Lille",NA
"253","Rony Lopes","Monaco",NA
"254","Lebo Mothiba","Valenciennes",NA
"255","Mathieu Valbuena","Fenerbahce",1300000
"256","Gaëtan Perrin","US Orléans",NA
"257","Maxime d’Arpino","US Orléans",NA
"258","Paul Bernardoni","Clermont Foot",NA
"259","Zinédine Machach","Toulouse",NA
"260","Julien Dacosta","Chamois Niortais",NA
"261","Moussa Niakhaté","Metz",440000
"262","Ibrahima Niane","Metz",NA
"263","Mathieu Deplagne","Troyes",NA
"264","Yacouba Sylla","Rennes",NA
"265","Felipe Pardo","Olympiacos",NA
"266","Younes Belhanda","Dynamo Kyiv",NA
"267","Ermir Lenjani","Sion",NA
"268","Aldo Kalulu","Lyon",NA
"269","Baptiste Guillaume","Lille",NA
"270","Odsonne Edouard","Paris Saint-Germain",NA
"271","Nicolas Haas","Atalanta",NA
"272","João Schmidt","Atalanta",NA
"273","Giancarlo González","Bologna",1750000
"274","Sebastien De Maio","Bologna",1750000
"275","Josh Harrop","Preston North End",NA
"276","Carlens Arcus","Cercle Brugge",NA
"277","Conor McAleny","Fleetwood Town",NA
"278","Laurent Depoitre","Huddersfield Town",4400000
"279","Haris Vučkić","FC Twente",NA
"280","Abdoul Camara","Guingamp",NA
"281","Julien Fabri","Brest",NA
"282","Francisco Rodríguez","FC Luzern",NA
"283","Oswaldo Vizcarrondo","Troyes",NA
"284","Will Hughes","Watford",8e+06
"285","Julian Pollersbeck ","Hamburg",3100000
"286","Fankaty Dabo","Vitesse Arnhem",NA
"287","Patrik Dzalto","SSV Regensburg",NA
"288","Jordan Lefort","Quevilly Rouen",NA
"289","Marvin Gakpa","Quevilly Rouen",NA
"290","Valentin Vanbaleghem","Les Herbiers",NA
"291","Gaël Andonian","PAE Veria",NA
"292","Hicham Benkaïd","Orléans",NA
"293","Fodé Doré","Clermont Foot",NA
"294","Fede Valverde","Deportivo La Coruña",NA
"295","Maxi Gómez","Celta Vigo",3520000
"296","Valère Germain","Marseille",7e+06
"297","Alexandre Mendy","Bordeaux",510000
"298","Bryan Pelé","Troyes",NA
"299","Besar Halimi","Brondby",NA
"300","Todor Nedelev","Botev Plovdiv",NA
"301","Kenan Kodro","Mainz 05",1539750
"302","Djibril Sow","Young Boys",1500000
"303","Josh Ginnelly","Lincoln City",NA
"304","Bertrand Traoré","Lyon",8800000
"305","Diego Llorente","Real Sociedad",6150000
"306","Ermedin Demirovic","Alavés",NA
"307","Antonio Luna","Levante",NA
"308","Madger Gomes","Leeds United",NA
"309","Eros Pisano","Bristol City",NA
"310","Luke Croll","Exeter City",NA
"311","Yunes Abdelhamid","Reims",NA
"312","Luka Jovic","Eintracht Frankfurt",NA
"313","Alexandru Maxim","Mainz 05",2550000
"314","Salvatore Sirigu","Torino",NA
"315","Marko Dmitrovic","Eibar",620000
"316","Éver Banega","Sevilla",8e+06
"317","Halil Altintop","Slavia Prague",NA
"318","Enzo Crivelli","Angers",3500000
"319","Bruno Fernandes","Sporting",7500000
"320","Famara Diédhiou","Bristol City",5300000
"321","Franck Tabanou","Guingamp",NA
"322","Bafétimbi Gomis","Galatasaray",NA
"323","Jhon Cordoba","FC Cologne",14200000
"324","Bjarne Thoelke","Hamburg",NA
"325","Viktor Fischer","Mainz 05",NA
"326","Marcel Heller","Augsburg",NA
"327","Kyriakos Papadopoulos","Hamburg",5750000
"328","Germán Lux","River Plate",NA
"329","Lubomir Satka","FC DAC 1904 Dunajská Streda",NA
"330","Rick Karsdorp","Roma",12300000
"331","Hendrick Cakin","Reims",NA
"332","Gabriel","Troyes",NA
"333","Adama Mbengue","Caen",NA
"334","David Oberhauser","Platanias",NA
"335","Jean-Christophe Bouet","Amiens",NA
"336","Marcos Llorente","Real Madrid",NA
"337","Víctor Camarasa","Levante",NA
"338","Rodrigo Ely","Milan",NA
"339","Adrián Ortolá","Barcelona",NA
"340","Deyverson","Levante",NA
"341","Rubén Sobrino","Manchester City",NA
"342","Theo Hernández","Atlético Madrid",NA
"343","Dani Pacheco","Getafe",NA
"344","Benjamin Lecomte","Montpellier",NA
"345","Daichi Kamada","Eintracht Frankfurt",2200000
"346","Lucas Evangelista","Estoril",NA
"347","Víctor Camarasa","Real Betis",6150000
"348","Erwin Mulder","Swansea City",NA
"349","Jermain Defoe","Bournemouth",NA
"350","André Hahn","Hamburg",5300000
"351","Robert Zulj","Hoffenheim",NA
"352","Enzo Zidane","Alavés",NA
"353","Pablo Insua","Schalke 04",3100000
"354","Nathan Aké","Bournemouth",2e+07
"355","Pape Sané","Auxerre",NA
"356","Aaron Mooy","Huddersfield Town",8e+06
"357","Richard Soumah","Maccabi Petah Tikva",NA
"358","Joachim Eickmayer","Vendée Herbiers Foot",NA
"359","Jonathan Bamba","Saint-Etienne",NA
"360","Dickson Nwakaeme","Pahang FA",NA
"361","Mathias Serin","Dunkerque",NA
"362","Gabriel Mutombo Kupa","Orléans",NA
"363","Cédric Yambéré","Dijon",NA
"364","Marc-Aurèle Caillard","Guingamp",NA
"365","Youssouf Sabaly","Bordeaux",3500000
"366","Ferland Mendy","Lyon",4400000
"367","Jean-Philippe Mateta","Le Havre",NA
"368","Bafétimbi Gomis","Swansea City",NA
"369","Gravillon","Benevento",1300000
"370","Federico Dimarco","Sion",1750000
"371","Giuseppe Pezzella","Udinese",3950000
"372","Seydou Doumbia","Sporting",NA
"373","Enzo Pérez","River Plate",3070000
"374","Felix Uduokhai","Wolfsburg",880000
"375","Henry Onyekuru","Everton",7e+06
"376","Henry Onyekuru","Anderlecht",NA
"377","Gerard Deulofeu","Barcelona",1e+07
"378","Fabio Borini","Milan",NA
"379","Felix Wiedwald","Leeds United",5e+05
"380","Cristian Tello","Real Betis",3509335
"381","Mariano Díaz","Lyon",7016095
"382","Konrad Laimer","RB Leipzig",6e+06
"383","Lorenzo Pellegrini","Roma",8768600
"384","Jiri Pavlenka","Werder Bremen",2500000
"385","Sebas Coris","Osasuna",NA
"386","Jonas Lössl","Huddersfield Town",NA
"387","Antonio Rüdiger","Chelsea",28952280
"388","Senna Miangue","Cagliari",3034838
"389","Caio Rangel","Estoril",NA
"390","Chris Willock","Benfica",NA
"391","Daniel Bachmann","Watford",NA
"392","Kiko Femenía","Watford",NA
"393","Ethan Ampadu","Chelsea",NA
"394","Jan Bednarek ","Southampton",5700000
"395","Adam Marusic","Lazio",5500000
"396","Anastasios Donis","Stuttgart",2550000
"397","Leandro Paredes","Zenit",19950000
"398","Willy Caballero","Chelsea",NA
"399","Zeki Fryers","Barnsley",NA
"400","Nicola Murru","Sampdoria",5950000
"401","Luca Cigarini","Cagliari",NA
"402","Nemanja Maksimovic","Valencia",NA
"403","Jay Rodriguez","West Bromwich Albion",1.2e+07
"404","Luca Garritano","Chievo",850000
"405","Alejandro Rodríguez","Chievo",425000
"406","Michele Rigione","Chievo",170000
"407","Tomasz Kupisz","Cesena",NA
"408","Lamin Jallow","Cesena",NA
"409","Marco Calderoni","Novara",NA
"410","Fabio Eguelfi","Atalanta",1280000
"411","Prince Gouano","Amiens",NA
"412","Luca Vido","Atalanta",NA
"413","José Luis Palomino","Atalanta",3400000
"414","Andrea Poli","Bologna",NA
"415","Massimo Coda","Benevento",1450000
"416","Massimo Bruno","Anderlecht",NA
"417","Madih Talal","Amiens",NA
"418","William Vainqueur","Roma",NA
"419","Jérémie Porsan-Clémenté","Montpellier",NA
"420","Leya Iseka","Anderlecht",NA
"421","Brice Samba","Caen",NA
"422","Cheick Diabaté","Osmanlispor",NA
"423","Mevlut Erding","Hannover 96",NA
"424","Jonathan Mexique","Cercle Brugge",NA
"425","Tristan Muyumba Nkita","Cercle Brugge",NA
"426","Guevin Tormin","Cercle Brugge",NA
"427","Joris Kayembe","Nantes",NA
"428","Paul Baysse","Málaga",NA
"429","Anastasios Donis","Juventus",NA
"430","Jordan Veretout","Aston Villa",NA
"431","Óscar Trejo","Rayo Vallecono",NA
"432","Corentin Jean","Monaco",NA
"433","Mathieu Cafaro","Reims",NA
"434","Dominik Furman","Wisla Plock",130000
"435","Ervin Zukanovic","Roma",NA
"436","Mauricio Pinilla","Genoa",NA
"437","Marko Rog","Napoli",1.1e+07
"438","Nikola Maksimovic","Napoli",22822540
"439","Oscar Hiljemark","Genoa",2194475
"440","John Terry","Aston Villa",NA
"441","Antonio Colak","Ingolstadt",NA
"442","Yuning Zhang","West Bromwich Albion",NA
"443","Yuning Zhang","Werder Bremen",NA
"444","Daniel James","Shrewsbury Town",NA
"445","Andre Wisdom","Derby County",2e+06
"446","Maxime Gonalons","Roma",4389750
"447","Sandro Ramírez","Everton",5300000
"448","Corentin Jean","Toulouse",3500000
"449","Terence Kongolo","Monaco",11400000
"450","George Boyd","Sheffield Wednesday",NA
"451","Luca Rizzo","SPAL",NA
"452","Marios Oikonomou","SPAL",NA
"453","Federico Mattiello","SPAL",NA
"454","Felipe Dal Bello","SPAL",530000
"455","Bersant Celina","Ipswich Town",NA
"456","Hakan Calhanoglu","Milan",2.2e+07
"457","Michael Keane","Everton",2.5e+07
"458","Baïssama Sankoh","Caen",NA
"459","Paul-José Mpoku","Standard Liège",2200000
"460","Adam Ounas","Napoli",8800000
"461","Florian Lejeune","Newcastle United",8700000
"462","Luiz Gustavo","Marseille",7e+06
"463","Guido Milan","Veracruz",NA
"464","Vicente Iborra","Leicester City",12300000
"465","Matthias Ginter","Borussia Mönchengladbach",14900000
"466","Kevin Diks","Feyenoord",NA
"467","Connor Mahoney","Bournemouth",NA
"468","Alvaro Lemos","Lens",NA
"469","Joseba Zaldua","Leganés",NA
"470","Tammy Abraham","Swansea City",NA
"471","Tom Ince","Huddersfield Town",8e+06
"472","Aleksandar Pesic","Red Star Belgrade",615000
"473","François Bellugou","Troyes",NA
"474","Michael Gregoritsch","Augsburg",4400000
"475","Sergio Córdova","Augsburg",880000
"476","Kasey Palmer","Huddersfield Town",NA
"477","Oliver Kragl","Crotone",350000
"478","Alessandro Plizzari","Ternana",NA
"479","Charles Días de Oliveira","Eibar",NA
"480","Wilfired Kanga","Angers",NA
"481","Borja Bastón","Málaga",NA
"482","Steve Mounié","Huddersfield Town",11450000
"483","Danny Williams","Huddersfield Town",NA
"484","Philipp Leinhart","Freiburg",NA
"485","Youssouf Koné","Reims",NA
"486","Jozabed","Celta Vigo",3e+06
"487","Josip Ilicic","Atalanta",4824590
"488","Todd Kane","Groningen",NA
"489","Oriol Riera","Western Sydney",NA
"490","Fabio Coentrão","Sporting",NA
"491","Benedikt Gimber","Jahn Regensburg",NA
"492","Laure Sanabria","Alcorcón",NA
"493","Pablo Larrea","Numancia",NA
"494","Harrison Reed","Norwich City",NA
"495","Theo Hernández","Real Madrid",22800000
"496","Josh Tymon","Stoke City",NA
"497","Alexandre Lacazette","Arsenal",4.6e+07
"498","Andrea Beghetto","Frosinone",NA
"499","Boris Mathis","Everton",NA
"500","Brendan Galloway","Sunderland",NA
"501","Scott Malone ","Huddersfield Town",3500000
"502","Roberto Jiménez","Málaga",NA
"503","Alfonso Pedraza ","Alavés",NA
"504","Chidozie Awaziem","Nantes",NA
"505","Bruno González","Getafe",526000
"506","Jonathan de Guzmán","Eintracht Frankfurt",1750000
"507","Ntumba Massanka","Wrexham",NA
"508","Bradley Jackson","Southport",NA
"509","Marcus Thuram","Guingamp",NA
"510","Tareiq Holmes-Dennis","Portsmouth",NA
"511","Jordy Hiwula","Fleetwood Town",NA
"512","Angelino","NAC Breda",NA
"513","Roque Mesa","Swansea City",1.1e+07
"514","Charlie Taylor","Burnley",NA
"515","Jean-Kévin Augustin","RB Leipzig",11400000
"516","Furkan Zorba","Osnabrück",NA
"517","Angelo Fulgini","Angers",1230000
"518","Lassana Coulibaly","Angers",3500000
"519","Antonio Barragán","Real Betis",NA
"520","Rubén Sobrino","Alavés",1750000
"521","Edgar Méndez","Cruz Azul",4400000
"522","Álex Martínez","Granada",NA
"523","Ryan Donk","Galatasaray",NA
"524","Pablo Hervías","Eibar",NA
"525","Francisco Portillo","Getafe",1300000
"526","Ángel Rodríguez","Getafe",530000
"527","Chuli","Getafe",615000
"528","Leandro Chichizola","Las Palmas",NA
"529","Gianluca Gaudino","Chievo",44000
"530","Ante Budimir","Crotone",NA
"531","Ervin Zukanovic","Genoa",NA
"532","Daniele Verde","Verona",NA
"533","Marco Pompetti","Inter",NA
"534","Lorenzo Peschetola","Inter",NA
"535","Vurnon Anita","Leeds United",NA
"536","Josef Varney","Newcastle United",NA
"537","Stefan O'Connor","Newcastle United",NA
"538","Florian Thauvin","Marseille",9e+06
"539","Dennon Lewis","Crawley Town",NA
"540","Charlie Colkett","Vitesse",NA
"541","Fraser Horsfall","Gateshead",NA
"542","Juraj Kucka","Trabzonspor",5283030
"543","Mathias Jorgensen","Huddersfield Town",2e+06
"544","Jonathan Ikoné","Montpellier",NA
"545","Milan Skriniar","Inter",29100000
"546","Gianluca Caprari","Sampdoria",11500000
"547","Saidy Janko","Saint-Etienne",NA
"548","Arturo Calabresi","Spezia",NA
"549","Jérémy Mathieu","Sporting",NA
"550","Andrea Conti","Milan",21100000
"551","Timothy Castagne","Atalanta",3500000
"552","Srdjan Babic","Red Star Belgrade",NA
"553","Yuri Berchiche","Paris Saint-Germain",13200000
"554","Jordi Amat","Real Betis",NA
"555","Vid Belec","Benevento",1550000
"556","Gaetano Letizia","Benevento",1550000
"557","Jonathan Walters","Burnley",3e+06
"558","Yaya Sanogo","Toulouse",0
"559","Andrés Guardado","Real Betis",1750000
"560","George Puscas","Benevento",NA
"561","Esteban Granero","Espanyol",NA
"562","Marco Andreolli","Cagliari",NA
"563","Neto","Valencia",6189253
"564","Regan Poole","Northampton Town",NA
"565","Rene Gilmartin","Colchester United",NA
"566","Josh Bowler","Everton",NA
"567","Bernardo Espinosa","Girona",NA
"568","Marius Müller","Kaiserslautern",NA
"569","Elderson Echiejile","Sivasspor",NA
"570","Bradley Collins","Forest Green Rovers",NA
"571","Joe Coveney","Nottingham Forest",NA
"572","Alex Gilliead","Bradford City",NA
"573","Guillermo Maripán","Alavés",NA
"574","Connor Ogilvie","Gillingham",NA
"575","Loïs Diony","Saint-Etienne",4250000
"576","Tyias Browning","Sunderland",NA
"577","Ignacio Camacho","Wolfsburg",8800000
"578","Kévin Malcuit","Lille",7100000
"579","Yakou Meïté","Sochaux",NA
"580","José Aurelio Suárez","Girona",NA
"581","Mark Travers","Weymouth",NA
"582","Guido Pizarro","Sevilla",5300000
"583","Alberto Paloschi","SPAL",NA
"584","Emil Audero","Venezia",NA
"585","Federico Viviani","SPAL",NA
"586","Kaylen Hinds","Wolfsburg",2e+06
"587","Nico Schulz","Hoffenheim",3100000
"588","Olufela Olomola","Yeovil Town",NA
"589","Wayne Rooney","Everton",NA
"590","Wesley Lautoa","Dijon",1300000
"591","Chadrac Akolo","Stuttgart",NA
"592","Wesley Saïd","Dijon",1330000
"593","Alfred Gomis","SPAL",NA
"594","Brandon Thomas Llamas","Rennes",2660000
"595","Kenny Tete","Lyon",3500000
"596","Axel Bakayoko","Sochaux",NA
"597","Cheikh Traoré","Guingamp",NA
"598","Cheikh Traoré","Châteauroux",NA
"599","Alessio Cerci","Verona",NA
"600","Dzenis Burnic","Stuttgart",NA
"601","Ezequiel Ponce","Lille",NA
"602","Romelu Lukaku","Manchester United",7.5e+07
"603","Amine Harit","Schalke 04",8860000
"604","Elvis Manu","Genclerbirligi",NA
"605","Antonio Cassano","Verona",NA
"606","Gaël Kakuta","Amiens",NA
"607","Ola Aina","Hull City",NA
"608","Jonathan Klinsmann","Hertha Berlin",NA
"609","Luis Muriel","Sevilla",17650000
"610","James Rodríguez","Bayern Munich",NA
"611","Douglas Costa","Juventus",NA
"612","Alvaro Fernandez Llorente","Monaco",NA
"613","Dawid Kownacki","Sampdoria",4050000
"614","Ablie Jallow","Metz",NA
"615","Borja Valero","Inter",4850000
"616","Manuel Pucciarelli","Chievo",NA
"617","Steve Mandanda","Marseille",1750000
"618","Jack Cork","Burnley",8e+06
"619","Caleb Ekuban","Leeds United",8e+05
"620","Ron-Robert Zieler","Stuttgart",2500000
"621","Vitinho","Barcelona",NA
"622","Mario Suárez","Guizhou Hengfeng Zhicheng ",5e+06
"623","Olivier Ntcham","Celtic",4e+06
"624","Felix Beiersdorf","Wiener Neustadt",NA
"625","Atinc Nukan","Besiktas",NA
"626","Antonio Donnarumma","Milan",270000
"627","Ruben Loftus-Cheek","Crystal Palace",NA
"628","Geoffrey Jourdren","Nancy",NA
"629","Deyverson","Palmeiras",4450000
"630","Francesco Forte","Spezia",NA
"631","Raffaele Di Gennaro","Spezia",NA
"632","Álex Bergantiños","Sporting Gijón",NA
"633","Jordan Maguire-Drew","Lincoln City",NA
"634","Rouwen Hennings","Fortuna Düsseldorf",NA
"635","Anton Donkor","Everton",NA
"636","Bruno Zuculini","Verona",NA
"637","Dean Henderson","Shrewsbury Town",NA
"638","Tom Heardman","Bury",NA
"639","Luke McGee","Portsmouth",NA
"640","Ben Pierce","West Bromwich Albion",NA
"641","Kévin Bérigaud ","Montpellier",NA
"642","Alexander Djiku","Caen",1780000
"643","Benjamin Jeannot","Dijon",NA
"644","Dani Alves","Paris Saint-Germain",NA
"645","Vitolo","Atlético Madrid",31800000
"646","Vitolo","Las Palmas",NA
"647","Adnan Januzaj","Real Sociedad",9800000
"648","Anthony Modeste","Tianjin Quanjian",5100000
"649","Simone Ganz","Pescara",1530000
"650","Mouez Hassen","LB Châteauroux",NA
"651","Riccardo Improta","Bari",NA
"652","Hernán Toledo","Las Palmas",NA
"653","Aderlan Santos","São Paulo",680000
"654","Enner Valencia","Tigres",5e+06
"655","Tiémoué Bakayoko","Chelsea",39700000
"656","Francesco Renzetti","Cremonese",NA
"657","Markus Suttner","Brighton",3500000
"658","Michele Castagnetti","Empoli",NA
"659","Sven Bender","Bayer Leverkusen",13230000
"660","Kyle Walker","Manchester City",5e+07
"661","Adil Rami","Marseille",5300000
"662","Andrea Costa","Benevento",1300000
"663","Riccardo Orsolini","Atalanta",NA
"664","Matteo Pessina","Atalanta",2640000
"665","Nathaniel Chalobah","Watford",5e+06
"666","Jessy Pi","Brest",NA
"667","Tongo Doumbia","Dinamo Zagreb",680000
"668","Saïd Benrahma","Châteauroux",NA
"669","Franck Honorat","Clermont",NA
"670","Martin Braithwaite","Middlesbrough",9600000
"671","Mateo Garcia","Osasuna",NA
"672","Jonathan Calleri","Las Palmas",NA
"673","Mário Rui","Napoli",NA
"674","Marcelo Guedes","Lyon",6604136
"675","Sébastien Corchia","Sevilla",4250000
"676","Mamadou Coulibaly","Udinese",NA
"677","Thomas Hertaux","Verona",NA
"678","Aiden McGeady","Sunderland",NA
"679","Rob Hunt","Oldham Athletic",NA
"680","Glen Kamara","Dundee",NA
"681","Christian Walton","Wigan",NA
"682","Nélson Semedo","Barcelona",26450000
"683","Dani Ceballos","Real Madrid",14500000
"684","Leonardo Bonucci","Milan",35200000
"685","Clément Chantôme","Strasbourg",NA
"686","Serge Gnabry","Hoffenheim",NA
"687","Cheikh N'Doye","Birmingham City",NA
"688","Zakaria Bakkali","Deportivo La Coruña",NA
"689","Lucas Leiva","Lazio",5e+06
"690","Devante Parker","St. Pölten",NA
"691","Connor Roberts","Middlesbrough",NA
"692","Sam Johnstone","Aston Villa",NA
"693","Abdou Diallo","Mainz 05",3500000
"694","Bartosz Kapustka","Freiburg",NA
"695","André Moreira","Braga",NA
"696","Bingourou Kamara","Strasbourg",NA
"697","Mario Hermoso","Espanyol",250000
"698","Sammy Ameobi","Bolton",NA
"699","Neal Maupay","Brentford",1700000
"700","Marc Bola","Bristol Rovers",NA
"701","Harry Lewis","Dundee United",NA
"702","Bastian Oczipka","Schalke 04",3900000
"703","Baptiste Aloé","Valenciennes",NA
"704","Havard Nielsen","Fortuna Düsseldorf",350000
"705","Douglas Luiz ","Manchester City",1e+07
"706","Leandro Cabrera","Crotone",NA
"707","Joan Jordán","Eibar",85000
"708","Rubén Alcaraz","Almería",NA
"709","Federico Fazio","Roma",2800000
"710","Nolito","Sevilla",7883112
"711","Berat Djimsiti","Benevento",NA
"712","Mevlut Erdinc","Basaksehir",NA
"713","Luca Siligardi","Parma",1500000
"714","Andrea Bertolacci","Genoa",NA
"715","Mariano","Galatasaray",4019275
"716","Stanislav Lobotka","Celta Vigo",1e+06
"717","Lucas Piazon","Fulham",NA
"718","Keston Davies","Yeovil Town",NA
"719","Guillermo Ochoa","Standard Liège",NA
"720","Tim Matavz","Vitesse",NA
"721","Josip Elez","Rijeka",NA
"722","Marco Chiosa","Novara",NA
"723","Andrea Palazzi","Pescara",NA
"724","Thiago Mendes","Lille",7650000
"725","Panagiotis Tachtsidis","Olympiacos",NA
"726","Bruno Peres","Roma",10950000
"727","Federico Ricci","Sassuolo",3941555
"728","Cengiz Under","Roma",11700000
"729","Gianluca Di Chiara","Benevento",2550000
"730","Clinton N'Jie","Marseille",6140000
"731","Marco van Ginkel","PSV Eindhoven",NA
"732","Diego Álves","Flamengo",440000
"733","Lucas Biglia","Milan",14900000
"734","Álex Berenguer","Torino",4800000
"735","Rekeil Pyke ","Port Vale",NA
"736","José Relucio","Inter",NA
"737","Paulo Oliveira","Eibar",3500000
"738","Tre Pemberton","Stoke City",NA
"739","Marc Walsh","Swansea City",NA
"740","George Dobson","Sparta Rotterdam",NA
"741","Ahmed Hegazi","West Bromwich Albion",NA
"742","Jairo Riedewald","Crystal Palace",7900000
"743","Courtney Duffus","Oldham Athletic",NA
"744","Sekou Baradji","Amiens",NA
"745","Rafik Zekhnini","Fiorentina",1900000
"746","Wakaso Mubarak","Alavés",NA
"747","Adrián López","Porto",NA
"748","Santos Borré","Atlético Madrid",NA
"749","Cristian Espinoza","Boca Juniors",NA
"750","José Ángel","Porto",NA
"751","Akram Afif","KAS Eupen",NA
"752","Simone Zaza","Valencia",15800000
"753","Mukhtar Ali","Vitesse Arnhem",NA
"754","Ike Ugbo","Barnsley",NA
"755","Fabián Orellana","Valencia",2640000
"756","Munir El Haddadi","Barcelona",NA
"757","Eliaquim Mangala","Manchester City",NA
"758","Mario Suárez","Watford",NA
"759","Guilherme Siqueira","Atlético Madrid",NA
"760","Stevan Jovetic","Inter",NA
"761","Samir Nasri","Manchester City",NA
"762","Matías Kranevitter","Atlético Madrid",NA
"763","Cian Harries ","Swansea City",5e+05
"764","Adam Armstrong ","Bolton Wanderers",NA
"765","Yoan Gouffran","Goztepe",NA
"766","Vukasin Jovanovic","Bordeaux",2500000
"767","Mauro Coppolaro","Brescia",NA
"768","José Angel","Eibar",NA
"769","Samir Ujkani","Cremonese",5e+05
"770","Gianluca Lapadula","Genoa",NA
"771","Pedro Mendes","Montpellier",2500000
"772","Giovanni Sio","Montpellier",4500000
"773","Bryan Cabezas","Panathinaikos",NA
"774","Nicolò Fazzi","Cesena",NA
"775","Luca Valzania","Pescara",NA
"776","Guiseppe de Luca","Virtus Entella",NA
"777","Denis-Will Poha","Orléans",NA
"778","João Queirós","FC Cologne",2650000
"779","Markel Bergara","Getafe",NA
"780","Ryan Fulton","Hamilton",NA
"781","Gian Filippo Felicioli","Verona",NA
"782","Davide Riccardi","Lecce",NA
"783","Ailton Ferreira Silva","Stuttgart",9e+05
"784","Christophe Jallet","Nice",NA
"785","Fabien Lemoine","Lorient",9e+05
"786","Andrés Tello","Bari",NA
"787","Eldin Jakupovic","Leicester City",2e+06
"788","Keisuke Honda","Pachuca",NA
"789","Juankar","Málaga",NA
"790","Marco D'Alessandro","Benevento",NA
"791","Nolan Roux","Metz",NA
"792","Fraizer Campbell","Hull City",NA
"793","Lennart Thy","VVV Venlo",NA
"794","Xemi","Oxford United",NA
"795","Ryan Allsop","Blackpool",NA
"796","Danilo","Manchester City",26500000
"797","Marko Arnautovic","West Ham United",2e+07
"798","Andrew Robertson","Liverpool",8e+06
"799","Wojciech Szczesny","Juventus",1e+07
"800","Jacob Murphy","Newcastle United",1.2e+07
"801","Danilo Cataldi","Benevento",NA
"802","Dan Crowley","Willem II",NA
"803","Mathias Normann","Brighton",1250000
"804","Mattia De Sciglio","Juventus",10600000
"805","Glenn Whelan","Aston Villa",1300000
"806","Gregoire Defrel","Roma",NA
"807","Cenk Gonen","Málaga",9e+05
"808","Faycal Fajr","Getafe",1240000
"809","Javier Hernández","West Ham United",1.6e+07
"810","Jorge Meré","FC Cologne",7600000
"811","Alejandro Faurlín","Cruz Azul",NA
"812","Mauricio Isla","Fenerbahce",NA
"813","Federico Bernardeschi","Juventus",35700000
"814","Jetro Willems","Eintracht Frankfurt",4500000
"815","Aleksandar Kolarov","Roma",4500000
"816","Javier Manquillo","Newcastle United",4500000
"817","Davide Di Gennaro","Lazio",NA
"818","Kurt Zouma","Stoke City",NA
"819","Kevin Stewart","Hull City",5400000
"820","Álvaro Morata","Chelsea",5.8e+07
"821","Vitorino Antunes","Getafe",NA
"822","FIlip Manojlovic","Getafe",1e+06
"823","Idriss Saadi","Strasbourg",NA
"824","Cristhian Stuani","Girona",1500000
"825","Fabian Schär","Deportivo La Coruña",3589411
"826","Darren Randolph","Middlesbrough",5e+06
"827","Sauli Vaisanen","SPAL",5e+05
"828","Daryl Murphy","Nottingham Forest",2e+06
"829","Sean Longstaff","Blackpool",NA
"830","Jay Dasilva","Charlton",NA
"831","Ryan Seager","MK Dons",NA
"832","Benjamin Mendy","Manchester City",5.2e+07
"833","Joe Williams","Barnsley",NA
"834","Mauricio Pinilla","Universidad de Chile",NA
"835","Zdravko Kuzmanovic","Málaga",NA
"836","Marcello Trotta","Crotone",NA
"837","Pierre-Yves Polomat","Auxerre",NA
"838","Francesco Orlando","Lazio",NA
"839","Francesco Orlando","Salernitana",NA
"840","Nabil Bahoui","Grasshopper Zurich",NA
"841","Isnik Alimi","Vicenza",NA
"842","Albert Vivancos","UCAM Murcia",NA
"843","Leonel Vangioni","Monterrey",1341170
"844","Marcel Buchel","Verona",NA
"845","Hrvoje Milic","Olympiacos",1339927
"846","Francesco Cassata","Sassuolo",4464905
"847","Isaac Donkor","Cesena",NA
"848","Naim Sliti","Dijon",NA
"849","Ander Bardaji","SD Huesca",NA
"850","Pablo Fornals","Villarreal",10718137
"851","Mason Mount","Vitesse Arnhem",NA
"852","James Horsfield","NAC Breda",NA
"853","Ivan Cuellar","Leganés",NA
"854","Javier Eraso","Leganés",NA
"855","Rio Mavuba","Sparta Prague",NA
"856","Djené","Getafe",893350
"857","Jack Fitzwater","Forest Green Rovers",NA
"858","Aldo Kalulu","Sochaux",NA
"859","Roberto Insigne","Parma",NA
"860","Luzayadio Bangu","Vicenza",NA
"861","Izzy Brown","Brighton",NA
"862","Diogo Jota","Wolves",NA
"863","Jordan Veretout","Fiorentina",6257895
"864","Jacopo Dezi","Parma",NA
"865","Chaker Alhadhur","Chateauroux",NA
"866","Zouhair Feddal","Real Betis",NA
"867","Thiago Maia","Lille",12515600
"868","Phil Bardsley","Burnley",2e+06
"869","Bernard Mensah","Kasimpasa",NA
"870","Oliver Norwood","Fulham",NA
"871","Oumar Pouye","Créteil",NA
"872","Saîf-Eddine Khaoui","Troyes",NA
"873","Yannick Mamilonne","Quevilly Rouen",NA
"874","Antonio Sivera","Alavés",1783355
"875","Gastón Silva","Pumas",1515855
"876","Simone Emmanuello","Perugia",NA
"877","Victor Ibarbo","Sagan Tosu",440000
"878","Tim Handwerker","FC Cologne",NA
"879","Vykintas Slivka","Hibernian",NA
"880","Jonas Martin","Strasbourg",2227262
"881","Yannick Cahuzac","Toulouse",NA
"882","Giacomo Beretta","Foggia",356362
"883","Lewis Grabban","Sunderland",NA
"884","Tendayi Darikwa","Nottingham Forest",1e+06
"885","Tomas Kalas","Fulham",NA
"886","Uche Agbo","Standard Liege",1779000
"887","Emiliano Velázquez","Getafe",NA
"888","Ismaïla Sarr","Rennes",15124082
"889","Emanuel Cecchini","Málaga",4448260
"890","Pedro Chirivella","Willem II",NA
"891","Emiliano Buendia","Cultural Leonesa",NA
"892","Pa Konate","SPAL",250000
"893","Bill Tuiloma","Portland Timbers",NA
"894","Ciprian Tatarusanu","Nantes",2670000
"895","Michael Hector","Hull City",NA
"896","Alberto Grassi","SPAL",NA
"897","Moustapha Seck","Empoli",NA
"898","Jamal Blackman","Sheffield United",NA
"899","Sergio Ayala","Sint-Truiden",NA
"900","Pablo","Corinthians",NA
"901","Alberto Tendillo","Levante",NA
"902","Farid Boulaya","Girona",NA
"903","Gaëtan Robail","Cercle Brugge",NA
"904","Nicolas Pallois","Nantes",1787850
"905","Mohamed Aidara","Mouscron",NA
"906","Nicola Leali","Zulte-Waregem",NA
"907","Alberto de la Bella","Real Sociedad",NA
"908","Obbi Oulare","Royal Antwerp",NA
"909","Tsiy William Ndenge","Roda JC",NA
"910","Ashley Fletcher","Middlesbrough",6500000
"911","Mikel Merino","Newcastle United",NA
"912","Chris Long","Northampton Town",NA
"913","Matt Miazga","Vitesse Arnhem",NA
"914","Connor Randall","Heart of Midlothian",NA
"915","Jack Payne","Oxford United",NA
"916","Frédéric Guilbert","Caen",1878825
"917","Filippo Romagna","Cagliari",6799560
"918","Dario del Fabro","Juventus",4026055
"919","Facundo Piriz","Montpellier",NA
"920","Jonathan dos Santos","LA Galaxy",3847120
"921","Adam Phillips","Norwich City",NA
"922","Devonte Redmond","Scunthorpe United",NA
"923","Victorien Angban","Waasland-Beveren",NA
"924","Rubén García","Sporting Gijon",NA
"925","Anthony Cáceres","Al-Wasl",NA
"926","Bram Nuytinck","Udinese",2700000
"927","Edoardo Goldaniga","Sassuolo",4474280
"928","Marson","Sassuolo",NA
"929","Nemanja Matic","Manchester United",4e+07
"930","Steven Berghuis","Feyenoord",5e+06
"931","Aboubakar Kamara","Fulham",5350000
"932","Callum Elder","Wigan Athletic",NA
"933","Yhoan Andzouna","Peralada-Girona B",NA
"934","Mayoro N'Doye","Tours",NA
"935","Marco Silvestri","Verona",NA
"936","Jorginho","Chaves",NA
"937","Assane Dioussé","Saint-Etienne",4479735
"938","Alex Whitmore","Bury",NA
"939","Steven Alzate","Brighton",NA
"940","Matías Vecino","Inter",21510000
"941","Shamal George","Carlisle United",NA
"942","Douglas Luiz","Girona",NA
"943","Reece Burke","Bolton Wanderers",NA
"944","Josh Cullen","Bolton Wanderers",NA
"945","Aiden O'Neill","Fleetwood Town",NA
"946","Jesus Navas","Sevilla",NA
"947","Marlos Moreno","Girona",NA
"948","Aleix García","Girona",NA
"949","Pablo Maffeo","Girona",NA
"950","Ivan Toney","Wigan Athletic",NA
"951","Simon Kjaer","Sevilla",11600000
"952","Emiliano Martínez ","Getafe",NA
"953","Mario Pasalic","Spartak Moscow",NA
"954","Felipe Caicedo","Lazio",2200000
"955","Adama Diakhaby","Monaco",9e+06
"956","Sebastiano Luperto","Empoli",NA
"957","Jérémie Bela","Albacete",NA
"958","Alex Meret","SPAL",NA
"959","Kieran Dowell","Nottingham Forest",NA
"960","Ellis Plummer","Motherwell",NA
"961","Àlvaro Negredo","Besiktas",3e+06
"962","Ismail Azzaoui","Willem II",NA
"963","Emmanuel Badu","Bursaspor",NA
"964","Mour Paye","Creteil",NA
"965","Riad Bajic","Udinese",4496800
"966","Rodrigo Ely","Alavés",2697450
"967","Taiwo Awoniyi","Mouscron",NA
"968","Kyle Knoyle","Swindon Town",NA
"969","Emanuel Mammana","Zenit",14409285
"970","Ouasim Bouy","Leeds United",NA
"971","Cafú","Metz",2e+06
"972","Arlind Ajeti","Crotone",NA
"973","Unai López","Rayo Vallecano",NA
"974","Nicolao Dumitru","Alcorcón",NA
"975","Andrés Ponce","Livorno",NA
"976","Rober Pier","Levante",NA
"977","Jordan Lee","Torquay",NA
"978","Ben White","Newport County",NA
"979","Lewis Gibson","Everton",NA
"980","Matthew Pennington","Leeds United",NA
"981","Joe Hart","West Ham United",NA
"982","Tom Glover","Central Coast",NA
"983","Anton Walkes","Atlanta United",NA
"984","Valentino Lazaro","Hertha Berlin",NA
"985","Rodney Kongolo","Doncaster Rovers",NA
"986","Neymar","Paris Saint-Germain",1.98e+08
"987","Kelechi Iheanacho","Leicester City",2.5e+07
"988","Diego González","Málaga",1700000
"989","Manu Herrera","Osasuna",NA
"990","Sam Surridge","Yeovil Town",NA
"991","Ryan Sweeney","Bristol Rovers",NA
"992","Dominic Telford","Bristol Rovers",NA
"993","Josh Onomah","Aston Villa",NA
"994","Gastón Ramírez","Sampdoria",9937675
"995","Isaac Buckley-Ricketts","FC Twente",NA
"996","Fernando","Galatasaray",5500000
"997","Modou Barrow","Reading",1500000
"998","Esteban Saveljich","Albacete",NA
"999","Michael Langer","Schalke 04",NA
"1000","Rick van Drongelen","Hamburg",2550000
"1001","Holger Badstuber","Stuttgart",NA
"1002","Gianmarco Ferrari","Sampdoria",NA
"1003","Mike Owusu","Hansa Rostock",NA
"1004","Andreas Christensen","Chelsea",NA
"1005","André Ramalho","Bayer Leverkusen",NA
"1006","Borja Mayoral","Real Madrid",NA
"1007","Philipp Wollscheid","Stoke City",NA
"1008","Marko Maric","Lillestrom",NA
"1009","Dario del Fabro","Novara",NA
"1010","Juan Carlos Paredes","Emelec",NA
"1011","Andrea Zaccagno","Pistoiese",NA
"1012","Karim Laribi","Cesena",NA
"1013","Issa Cissokho","Amiens",NA
"1014","Saliou Ciss","Angers",NA
"1015","Ben Whitfield","Port Vale",NA
"1016","Antonee Robinson","Bolton",NA
"1017","Tom Dallison","Accrington",NA
"1018","Tyler Forbes","Accrington",NA
"1019","Puyo","Angers",NA
"1020","Syam Ben Youssef","Kasimpasa",NA
"1021","Paul Reulet","Boulogne",NA
"1022","Charly Dutournier","Avranches",NA
"1023","Guillaume Sarrabayrouse","Colomiers",NA
"1024","Romain Salin","Sporting Lisbon",NA
"1025","Fodé Ballo-Touré","Lille",NA
"1026","Edgar Ié","Lille",4508000
"1027","Jean Butez","Mouscron",NA
"1028","Olivier Kemen","Gazélec Ajaccio",NA
"1029","Maciej Rybus","Lokomotiv Moscow",1803200
"1030","Quentin Beunardeau","Metz",NA
"1031","Gerónimo Poblete","Metz",NA
"1032","Cheick Doukouré","Levante",1442560
"1033","Georges Mandjeck","Sparta Prague",1172080
"1034","Hamza Sakhi","Auxerre",NA
"1035","Jordy Gaspar","Cercle Brugge",NA
"1036","Irvin Cardona","Cercle Brugge",NA
"1037","Dorian Caddy","Quevilly-Rouen",NA
"1038","Nuno da Costa","Strasbourg",NA
"1039","Benjamin Corgnet","Strasbourg",NA
"1040","Felipe Saad","Lorient",NA
"1041","Thiago Xavier","Valenciennes",NA
"1042","Ales Mateju","Brighton",1500000
"1043","Harry Bunn","Bury",NA
"1044","Stephy Mavididi","Preston",NA
"1045","Saphir Taïder","Bologna",3500000
"1046","Guiseppe Ungaro","Renate",NA
"1047","Mario Pugliese","Pro Vercelli",NA
"1048","Raman Chibsah","Benevento",750000
"1049","Bright Gyamfi","Benevento",250000
"1050","Filip Helander","Bologna",1804735
"1051","Uros Radakovic","Sigma Olomouc",NA
"1052","Nicolo Cherubin","Verona",NA
"1053","Paolo Farago","Cagliari",2075450
"1054","Marco Fossati","Verona",250000
"1055","Simone Colombi","Carpi",250000
"1056","Filippo Costa","SPAL",NA
"1057","Amedeo Benedetti","Cittadella",NA
"1058","Djamel Mesbah","Lausanne",NA
"1059","Claiton dos Santos","Cremonese",NA
"1060","Davide Faraoni","Crotone",NA
"1061","Carlos Sánchez","Fiorentina",2500000
"1062","Sebastián Cristoforo","Fiorentina",2100000
"1063","Maximiliano Olivera","Fiorentina",NA
"1064","Gaetano Castrovilli","Cremonese",NA
"1065","Andrej Galabinov","Genoa",NA
"1066","Lucas Orbán","Racing Club",2e+06
"1067","Eloge Yao","Lugano",1353550
"1068","Felipe Melo","Palmeiras",NA
"1069","Caner Erkin","Besiktas",NA
"1070","Rodrigo Bentancur","Juventus",9023680
"1071","Marcelo Djalo","Fulham",NA
"1072","Nico Hidalgo","Cadiz",NA
"1073","Simone Palombi","Lazio",250000
"1074","Raffaele Maiello","Frosinone",1e+06
"1075","Marco Frediani","Parma",NA
"1076","Pepin","Brescia",NA
"1077","Juan Jesus","Roma",6800000
"1078","Jakub Hromada","Slavia Prague",NA
"1079","Giovanna Sbrissa","Cesena",NA
"1080","Alessio Vita","Cesena",NA
"1081","Ettore Gliozzi","Cesena",NA
"1082","Pontus Jansson","Leeds United",3e+06
"1083","Carlao","APOEL",NA
"1084","Antonin Barak","Udinese",2500000
"1085","Nicolas N'Koulou","Torino",NA
"1086","Rolando Mandragora","Crotone",NA
"1087","Burgui","Alavés",2500000
"1088","Alex Remiro","Huesca",NA
"1089","Jordi Masip","Valladolid",NA
"1090","Alex Alegria","Levante",NA
"1091","Petros","São Paulo",2e+06
"1092","Josep Señé","Cultural Leonesa",NA
"1093","Theo Bongonda","Trabzonspor",NA
"1094","Levy Madinda","Asteras Tripoli",NA
"1095","Gerard Valentín","Deportivo La Coruña",NA
"1096","Pablo Hervias","Valladolid",NA
"1097","Carlos Kameni","Fenerbahce",NA
"1098","Ricardo Horta","Braga",NA
"1099","Mauro dos Santos","Leganés",NA
"1100","Pere Milla","Numancia",NA
"1101","Mamadou Sylla","KAS Eupen",2e+06
"1102","Àlvaro Jiménez","Getafe",850000
"1103","Gaku Shibasaki","Getafe",NA
"1104","Stefan Scepovic","Sporting Gijón",NA
"1105","Alberto García","Rayo Vallecano",NA
"1106","Fran Sandaza","Al-Ahli",NA
"1107","René","Almería",NA
"1108","Javi Varas","Granada",NA
"1109","Helder Lopes","AEK",NA
"1110","Hector Figueroa","Toledo",NA
"1111","Tyronne","Tenerife",NA
"1112","Angel Montoro","Granada",NA
"1113","Marko Livaja","AEK",NA
"1114","Gerard Gumbau","Leganés",NA
"1115","Nereo Champagne","Leganés",NA
"1116","Ruben Pérez","Leganés",NA
"1117","Alberto Martín","Granada",NA
"1118","Victor Díaz","Granada",NA
"1119","Enis Bardhi","Levante",1300000
"1120","Victor Casadesus","Tenerife",NA
"1121","Yrondu Musavu-King","FC St. Gallen",NA
"1122","Cameron Borthwick-Jackson","Leeds United",NA
"1123","Timothy Fosu-Mensah","Crystal Palace",NA
"1124","Wesley Sneijder","Nice",NA
"1125","Paul Verhaegh","Wolfsburg",1360000
"1126","Jonathan Biabiany","Sparta Prague",NA
"1127","Mattia Finotto","Ternana",NA
"1128","Alberto Pomini","Palermo",NA
"1129","Davy Pröpper","Brighton",12660000
"1130","Rachid Ghezzal","Monaco",NA
"1131","Sead Haksabanovic","West Ham United",3e+06
"1132","Grégory Bourillon","Châteauroux",NA
"1133","Kévin Soni","Girona",NA
"1134","Christopher Operi","Châteauroux",NA
"1135","Guillaume Gillet","Olympiakos",9e+05
"1136","Allan Saint-Maximin","Nice",9050000
"1137","Tomás Pina","Alavés",NA
"1138","Santos Borré","River Plate",2715000
"1139","Ivi","Levante",1358000
"1140","Javier Espinosa","Granada",NA
"1141","Rober Correa","Cádiz",NA
"1142","Riccardo Fiamozzi","Bari",NA
"1143","George Thomas","Leicester City",NA
"1144","Ezequiel Muñoz","Leganés",2e+06
"1145","Hernani","Saint-Etienne",NA
"1146","Matías Kranevitter","Zenit St Petersburg",7250000
"1147","Jonathan Cafu","Bordeaux",6360000
"1148","Richarlison","Watford",11500000
"1149","Clément Chantôme","Lens",NA
"1150","Adam Legzdins","Burnley",NA
"1151","Otávio","Bordeaux",4500000
"1152","Conor Mitchell","Chester FC",NA
"1153","Mario Lemina","Southampton",16300000
"1154","Harry Cornick","Luton Town",NA
"1155","Davide Luppi","Virtus Entella",NA
"1156","Amadou Samb","Gzira United",NA
"1157","Cristian Bunino","Alessandria",NA
"1158","Leonardo Candellone","Ternana",NA
"1159","Juan Muñoz","Almería",NA
"1160","Ryad Boudebouz","Real Betis",6300000
"1161","Eric Maxim Choupo-Moting","Stoke City",0
"1162","Marco Benassi","Fiorentina",9e+06
"1163","Dalbert Henrique","Inter",1.8e+07
"1164","Roberto Soldado","Fenerbahce",9e+06
"1165","Andre Gray","Watford",18500000
"1166","Gabriel Silva","Saint-Etienne",2e+06
"1167","Dennis Aogo","Stuttgart",NA
"1168"," Roman Macek","Cremonese",NA
"1169"," Valentin Eysseric","Fiorentina",3160000
"1170","Kevin Méndez","Viterbese",NA
"1171","Jose Izquierdo","Brighton",13500000
"1172","Jordan Amavi","Marseille",NA
"1173","Naldo","Espanyol",1810000
"1174","Marten De Roon","Atalanta",1.3e+07
"1175","Mikel Villanueva","Cádiz CF",NA
"1176","Amath Ndiaye","Getafe",NA
"1177","Jean Zimmer","Fortuna Düsseldorf",NA
"1178","Zsolt Kalmar","DAC Dunajska Streda",NA
"1179","Gary Medel","Besiktas",2700000
"1180","Adrián López","Deportivo La Coruña",NA
"1181","Bruno Martins Indi","Stoke City",7e+06
"1182","Moussa Souare","Monopoli",NA
"1183","Marc Muniesa","Girona",NA
"1184","Lewis Baker","Middlesbrough",NA
"1185","Tomas Rincon","Torino",NA
"1186","Valon Behrami","Udinese",NA
"1187","Kazenga LuaLua","Queens Park Rangers",NA
"1188","Haji Wright","Sandhausen",NA
"1189","Mamadou Thiam","Barnsley",9e+05
"1190","Svante Ingelsson","Udinese",850000
"1191","Moussa Konaté","Amiens",NA
"1192","Jean-Christophe Bahebeck","Utrecht",NA
"1193","Paulinho","Barcelona",36400000
"1194","Javi García","Real Betis",1300000
"1195","Sofiane Feghouli","Galatasaray",4250000
"1196","Michael Santos","Sporting Gijón",NA
"1197","Gareth Barry","West Bromwich Albion",1e+06
"1198","Gil Dias","Fiorentina",NA
"1199","Sasa Lukic","Levante",NA
"1200","Gylfi Sigurdsson","Everton",4.5e+07
"1201","Jérémy Clément","Nancy",NA
"1202","Tom Lawrence","Derby County",5e+06
"1203","Giedrius Arlauskis","CFR Cluj",NA
"1204","Andrei Girotto","Nantes",1e+06
"1205","Guillermo Varela","Peñarol",NA
"1206","Marco Terrazzino","Freiburg",2250000
"1207","Leandro Rodríguez","Danubio",NA
"1208","Gianmarco Zigoni","Venezia",NA
"1209","Soufyan Ahannach","Brighton",NA
"1210","Harvey Barnes","Barnsley",NA
"1211","Kyle Howkins","Cambridge",NA
"1212","Shaun Donnellan","Walsall",NA
"1213","Mariano Arini","Cremonese",NA
"1214","Mauro Arambarri","Boston River",NA
"1215","Arnaud Nordin","Nancy",NA
"1216","Jesé Rodríguez","Stoke City",NA
"1217","Joselu","Newcastle United",5e+06
"1218","Emmanuel Boateng","Levante",1800000
"1219","Kevin-Prince Boateng","Eintracht Frankfurt",NA
"1220","Carlos Bacca","Villarreal",NA
"1221","Blaise Matuidi","Juventus",18200000
"1222","Aït Bennasser","Caen",NA
"1223","Sheyi Ojo","Fulham",NA
"1224","Simon Falette","Eintracht Frankfurt",2750000
"1225","Giovanni Simeone","Fiorentina",13700000
"1226","Max Gradel","Toulouse",NA
"1227","Raúl Bobadilla","Borussia Mönchengladbach",2e+06
"1228","Dimitri Cavaré","Barnsley",2e+06
"1229","Jordan Green","Yeovil Town",NA
"1230","Yassine El-Ghanassy","Nantes",1361775
"1231","Francesco Migliore","Genoa",NA
"1232","Ricardo Centurión","Genoa",3e+06
"1233","Umar Sadiq","Torino",NA
"1234","Jan Repas","Caen",1361530
"1235","Larry Kayode","Manchester City",3500000
"1236","Larry Kayode","Girona",NA
"1237","Matt Grimes","Northampton Town",NA
"1238","Baily Cargill","Fleetwood Town",NA
"1239","Brandon Barker","Hibernian",NA
"1240","Rubén Yáñez","Getafe",NA
"1241","Rubén Yáñez","Cádiz",NA
"1242","Joe Quigley","Newport County",NA
"1243","Germán Pezzella","Fiorentina",NA
"1244","Bernard Tekpetey","SC Rheindorf Altach",NA
"1245","Davinson Sánchez","Tottenham Hotspur",4.2e+07
"1246","Gabriel","Valencia",1e+07
"1247","Sean Scannell","Burton Albion",NA
"1248","Leonardo Morosini","Avellino",NA
"1249","Martin Terrier","Strasbourg",NA
"1250","Luca Rossettini","Genoa",1800000
"1251","Rodrigo Palacio","Bologna",NA
"1252","Marcelo Díaz","Pumas",NA
"1253","Álex López","Sporting Gijón",NA
"1254","Johan Mojica","Girona",NA
"1255","Jeison Murillo","Valencia",NA
"1256","Batuhan Altintas","Malatyaspor",NA
"1257","Kalifa Coulibaly","Nantes",2750000
"1258","Marco Borriello","SPAL",NA
"1259","Bartosz Salamon","SPAL",NA
"1260","Martín Cáceres","Verona",NA
"1261","Santiago Colombatto","Perugia",NA
"1262","Kwang Song Han","Perugia",NA
"1263","Marko Pajac","Perugia",NA
"1264","Cristiano del Grosso","Venezia",NA
"1265","Leonardo Gatto","Salernitana",1376000
"1266","Patrick Asmah","Salernitana",NA
"1267","Boris Radunovic","Salernitana",NA
"1268","Lorenzo Simic","Empoli",NA
"1269","Santiago Ascacibar","Stuttgart",7800000
"1270","Geoffrey Kondogbia","Valencia",24600000
"1271","João Cancelo","Inter",3.2e+07
"1272","Nikola Kalinić","Milan",NA
"1273","Carl Jenkinson","Birmingham City",NA
"1274","Cohen Bramall","Birmingham City",NA
"1275","Samir Nasri","Antalyaspor",3650000
"1276","Chris Wood","Burnley",1.5e+07
"1277","Sam Gallagher","Birmingham City",NA
"1278","Juan Iturbe","Club Tijuana",NA
"1279","Marcel Tisserand","Wolfsburg",NA
"1280","Jonathas","Hannover 96",7330000
"1281","Sam Clucas","Swansea City",1.5e+07
"1282","Federico Bonazzoli","SPAL",NA
"1283","Wesley Hoedt","Southampton",1.5e+07
"1284","Savvas Mourgos","Norwich City",NA
"1285","Robin Koch","Freiburg",3670000
"1286","Braima Fati","Saint-Etienne",NA
"1287","Kiko Olivas","Real Valladolid",NA
"1288","Alexy Bossetti","Laval",NA
"1289","Mohamed Cholay","Espanyol",NA
"1290","Luke Hendrie","Bradford City",NA
"1291","Atsuto Uchida","Union Berlin",NA
"1292","Ismaël Bennacer","Empoli",NA
"1293","Gregory van der Wiel","Cagliari",NA
"1294","Jon Gaztañaga","Gimnàstic",NA
"1295","Asier Villalibre","Real Valladolid",NA
"1296","Jaime Báez","Pescara",NA
"1297","Abdelhamid Sabiri","Huddersfield Town",1e+06
"1298","Samuele Longo","Tenerife",NA
"1299","Paulo Gazzaniga","Tottenham Hotspur",2e+06
"1300","Juan Domínguez","Reus",NA
"1301","Adnane Tighadouini","FC Twente",NA
"1302","Stephen Kingsley","Hull City",NA
"1303","Nenad Krsticic","Red Star Belgrade",NA
"1304","Florian Klein","Austria Vienna",NA
"1305","Junior Sambia","Montpellier",NA
"1306","Olivier Boscagli","Nimes",NA
"1307","Dylan Saint-Louis","Paris FC",NA
"1308","Brian Fernández","Metz",NA
"1309","Aaron Nemane","Rangers",NA
"1310","Éder","Lokomotiv Moscow",NA
"1311","Florent Hadergjonaj","Huddersfield Town",NA
"1312","Zlatan Ibrahimovic","Manchester United",NA
"1313","Oliver Burke","West Bromwich Albion",1.5e+07
"1314","Antonio Cinelli","Cremonese",NA
"1315","Emmanuel Rivière","Metz",5e+05
"1316","Daniele Gastaldello","Brescia",NA
"1317","Sam Matthews","Eastleigh",NA
"1318","Jan Toral","Hull City",3e+06
"1319","Archie Davies","Whitehawk",NA
"1320","Mathias Normann","Molde",NA
"1321","Luke Coddington","Northampton Town",NA
"1322","Jack Rose","Southampton",NA
"1323","André Carrillo","Watford",NA
"1324","Ethan Ross","Redditch United",NA
"1325","Alberto Aquilani","Las Palmas",NA
"1326","Ousmane Dembélé","Barcelona",96670000
"1327","Robert Snodgrass","Aston Villa",NA
"1328","Luca Marrone","Bari",NA
"1329","Felix Platte","Darmstadt",920000
"1330","Kenneth Omeruo","Kasimpasa",NA
"1331","Dimitri Foulquier","Watford",NA
"1332","Dimitri Foulquier","Strasbourg",NA
"1333","Rene Krhin","Nantes",NA
"1334","Yoric Ravet","Freiburg",4160000
"1335","Bakary Koné","Strasbourg",NA
"1336","Joachim Andersen","Sampdoria",1850000
"1337","Andrés Schetino","Esbjerg",NA
"1338","Nando","Alavés",NA
"1339","Robert Green","Huddersfield Town",NA
"1340","Diego Rolán","Málaga",NA
"1341","Andriy Yarmolenko","Borussia Dortmund",23100000
"1342","Vincent Laurini","Fiorentina",332000
"1343","Jonathan Leko","Bristol City",NA
"1344","Naby Keïta","Liverpool",NA
"1345","Patrick Roberts","Celtic",NA
"1346","Jérémie Boga","Birmingham City",NA
"1347","Siem de Jong","Ajax",4e+06
"1348","Emanuel Insúa","Panathinaikos",NA
"1349","Marvin Emnes","Akhisarspor",NA
"1350","Petar Brlek","Genoa",2e+06
"1351","Aaron Seydel","Holstein Kiel",NA
"1352","Sergi Samper","Las Palmas",NA
"1353","Pol García","Cremonese",NA
"1354","Samu García","Levante",NA
"1355","Numan Bostan","Genclerbirligi",NA
"1356","Emiliano Velázquez","Rayo Vallecano",NA
"1357","Sebastian Gorga","Chacarita Juniors",NA
"1358","Matteo Pessina","Spezia",NA
"1359","Rogerio","Sassuolo",NA
"1360","Cameron Carter-Vickers","Sheffield United",NA
"1361","Joel Untersee","Empoli",NA
"1362","Jens Stryger Larsen","Udinese",NA
"1363","Tyler Roberts","Walsall",NA
"1364","Jordan Williams","Bury",NA
"1365","Rohan Ince","Bury",NA
"1366","Stuart Findlay","Kilmarnock",NA
"1367","Maxwell Acosty","Rijeka",NA
"1368","Tobias Werner","Nuremberg",NA
"1369","Ledian Memushaj","Benevento",NA
"1370","Salva Sevilla","Mallorca",NA
"1371","Tomas Koubek","Rennes",1851000
"1372","Jonathan Ligali","Dunkerque",NA
"1373","Nando","Lorca",NA
"1374","Kevin Wimmer","Stoke City",1.8e+07
"1375","Pape Cheikh Diop","Lyon",9400000
"1376","Stefan Jovetic","Monaco",1e+07
"1377","Felix Passlack","Hoffenheim",NA
"1378","Keita Baldé","Monaco",NA
"1379","Kieran Gibbs","West Bromwich Albion",7e+06
"1380","Grant Hanley","Norwich City",NA
"1381","Juan Foyth","Tottenham Hotspur",9e+06
"1382","Jordy Clasie","Club Brugge",NA
"1383","Grzegorz Krychowiak","West Bromwich Albion",NA
"1384","Jason Denayer","Galatasaray",NA
"1385","Conor Grant","Crewe Alexandra",NA
"1386","Philipp Wollscheid","Metz",NA
"1387","Patrik Schick","Roma",4600000
"1388","Serge Gakpé","Amiens",NA
"1389","Jeremy Toljan","Borussia Dortmund",4500000
"1390","Mitchell Langerak","Levante",720000
"1391","Aymen Abdennour","Marseille",NA
"1392","Hyun-Jun Suk","Troyes",NA
"1393","Emre Mor","Celta Vigo",11700000
"1394","Lorenzo Bertini","Atalanta",NA
"1395","Luca Vido","Atalanta",NA
"1396","Alberto Grassi","Napoli",NA
"1397","Aleksandar Pesic","Red Star Belgrade",675000
"1398","Anthony Mounier","Bologna",NA
"1399","Alessandro Bastoni","Inter",8300000
"1400","Matty Willock","Utrecht",NA
"1401","Benedikt Höwedes","Juventus",NA
"1402","Alberto Brignoli","Benevento",NA
"1403","Andrew Gravillon","Benevento",1350000
"1404","Mirko Eramo","Virtus Entella",NA
"1405","Alessio Cragno","Cagliari",NA
"1406","Fabrizio Alastra","Palermo",NA
"1407","Ricardo Bagadur","Fiorentina",NA
"1408","Lorenzo Venuti","Fiorentina",NA
"1409","Antonio Matera","Fidelis Andria",NA
"1410","Marko Pajac","Cagliari",NA
"1411","Filippo Falco","Bologna",NA
"1412","Cyril Thereau","Fiorentina",1380000
"1413","Alessandro Bastoni","Atalanta",NA
"1414","Enrico Pezzi","Cittadella",NA
"1415","Daniele Buzzegoli","Ascoli",NA
"1416","César Falletti","Bologna",NA
"1417","Felipe Avenatti","Bologna",NA
"1418","Federico Viviani","Verona",NA
"1419","Umar Sadiq","Roma",NA
"1420","Leonardo Pavoletti","Cagliari",NA
"1421","Antonio Balzano","Pescara",NA
"1422","Gabriel","Milan",NA
"1423","Panagiotis Tachtsidis","Torino",NA
"1424","Panagiotis Restos","Bayer Leverkusen",16600000
"1425","Kevin Kampl","RB Leipzig",18450000
"1426","Kilian Jakob","Augsburg",NA
"1427","Takashi Usami","Fortuna Düsseldorf",NA
"1428","Alexander Meyer","Stuttgart",NA
"1429","Rodrigo Guth","Atalanta",645000
"1430","Michele Rigione","Cesena",NA
"1431","Alex Oxlade-Chamberlain","Liverpool",3.5e+07
"1432","Paweł Jaroszyński","Chievo",369000
"1433","Serge Aurier","Tottenham Hotspur",2.3e+07
"1434","Nicolás Spolli","Genoa",NA
"1435","Mariano Izco","Crotone",NA
"1436","Jonathan de Guzmán","Napoli",NA
"1437","Serge Gakpé","Genoa",NA
"1438","Giovanni Crociata","Crotone",4e+05
"1439","Aleandro Rosi","Genoa",NA
"1440","Gianmarco Ferrari","Sassuolo",NA
"1441","Leonardo Capezzi","Sampdoria",NA
"1442","Lorenzo Crisetig","Bologna",NA
"1443","Diego Falcinelli","Sassuolo",NA
"1444","Cristiano Biraghi","Fiorentina",NA
"1445","Martin Graiciar","Fiorentina",1350000
"1446","Martin Graiciar","Slovan Liberec",NA
"1447","Dusan Vlahovic","Fiorentina",NA
"1448","Lee Seung-woo","Verona",1380000
"1449","Orestis Karnezis","Watford",NA
"1450","Matías Fernández","Fiorentina",NA
"1451","Ante Rebic","Eintracht Frankfurt",NA
"1452","Renato Sanches","Swansea City",NA
"1453","Carlos Salcedo","Guadalajara",NA
"1454","Sebastien De Maio","Anderlecht",NA
"1455","Jan Mlakar","Venezia",NA
"1456","Gianni Imbula","Toulouse",NA
"1457","Sidney Sam","Bochum",NA
"1458","Nahki Wells","Burnley",5e+06
"1459","Lacina Traoré","Amiens",NA
"1460","Divock Origi","Wolfsburg",NA
"1461","Stephane Omeonga","Genoa",460000
"1462","Thomas Rodríguez","Genoa",507000
"1463","Olivier Ntcham","Manchester City",NA
"1464","Danilo Cataldi","Lazio",NA
"1465","Franco Zuculini","Verona",NA
"1466","Alex Ferrari","Verona",NA
"1467","Riccardo Brosco","Carpi",NA
"1468","Deian Boldor","Bologna",NA
"1469","Deian Boldor","Montreal Impact",NA
"1470","Pierre-Michel Lasogga","Leeds United",NA
"1471","Simone Ganz","Juventus",NA
"1472","Vieirinha","PAOK",NA
"1473","Nani","Lazio",NA
"1474","Marco Tumminello","Crotone",NA
"1475","Jens Odgaard","Inter",NA
"1476","Trent Sainsbury","JS Suning",NA
"1477","Franck Kanouté","Pescara",NA
"1478","Jadon Sancho","Borussia Dortmund",8e+06
"1479","Ishak Belfodil","Werder Bremen",NA
"1480","Andreas Beck","Stuttgart",1840000
"1481","Nenad Tomovic","Chievo",NA
"1482","Denis Petric ","Guingamp",NA
"1483","Donyell Malen","PSV Eindhoven",NA
"1484","Kelechi Nwakali","VVV-Venlo",NA
"1485","Maxi López","Udinese",NA
"1486","Matt Worthington","Yeovil Town",NA
"1487","M'Baye Niang","Torino",NA
"1488","Danilo Avelar","Amiens",NA
"1489","Mihai Dobre","Bury",NA
"1490","Matheus Pereira","Bordeaux",NA
"1491","Charlie Wakefield","Stevenage",NA
"1492","Kylian Hazard","Chelsea",NA
"1493","Nicolás Burdisso","Torino",NA
"1494","Papy Djilobodji","Dijon",NA
"1495","Yann Karamoh","Inter",NA
"1496","Rigoberto Rivas","Brescia",NA
"1497","Kylian Mbappé","Paris Saint-Germain",NA
"1498","Oscar Hiljemark","Panathinaikos",NA
"1499","Rémy Cabella","Saint-Etienne",NA
"1500","Luca Antei","Benevento",NA
"1501","Pietro Iemmello","Benevento",NA
"1502","Emmanuel Imorou","Cercle Brugge",NA
"1503","Lucas Pérez","Deportivo La Coruña",NA
"1504","Mariusz Stepinski","Chievo",NA
"1505","Lionel Carole","Sevilla",NA
"1506","Jérôme Onguéné","RB Salzburg",NA
"1507","Bojan Krkic","Alavés",NA
"1508","Ezequiel Schelotto","Brighton",2770000
"1509","Douglas","Benfica",NA
"1510","Nampalys Mendy","Nice",NA
"1511","Molla Wague","Watford",NA
"1512","Duván Esteban Zapata","Sampdoria",NA
"1513","Alessandro Martinelli","Brescia",NA
"1514","Ivan Strinic","Sampdoria",1840000
"1515","Federico Ricci","Genoa",NA
"1516","Nikola Vlasic","Everton",9e+06
"1517","Ryan Kent","Freiburg",NA
"1518","Jordan Williams","Rochdale",NA
"1519","Cristian Ansaldi","Torino",NA
"1520","Allan Rodrigues de Souza","Apollon Limassol",NA
"1521","Toni Gomes","Forest Green Rovers",NA
"1522","Marvin Zeegelaar","Watford",2760000
"1523","Kyle Jameson","West Bromwich Albion",NA
"1524","Kyle Edwards","Exeter City",NA
"1525","Kane Wilson","Exeter City",NA
"1526","Grant Hanley","Norwich City",NA
"1527","Tanguy Ndombélé","Lyon",10130000
"1528","Moise Kean","Verona",NA
"1529","Sergi Darder","Espanyol",NA
"1530","Wahbi Khazri","Rennes",NA
"1531","Kean Bryan","Oldham",NA
"1532","Will Miller","Burton Albion",NA
"1533","Roberto Inglese","Napoli",11050000
"1534","Joel Campbell","Real Betis",NA
"1535","Jordan Houghton","Doncaster Rovers",NA
"1536","Xeka","Dijon",NA
"1537","Odsonne Edouard","Celtic",NA
"1538","Ricardo Kishna","ADO Den Haag",NA
"1539","Gabigol","Benfica",NA
"1540","Davide Zappacosta","Chelsea",25750000
"1541","Sam Hart","Blackburn Rovers",NA
"1542","Nathan","Amiens",NA
"1543","Aleksandar Dragovic","Leicester City",NA
"1544","Tim Krul","Brighton",NA
"1545","Kostas Mitroglou","Marseille",13810000
"1546","Fernando Llorente","Tottenham Hotspur",1.2e+07
"1547","Wilfried Bony","Swansea City",1.2e+07
"1548","Mark Birighitti","NAC Breda",NA
"1549","Marc Wilson","Sunderland",NA
"1550","Fikayo Tomori","Hull City",NA
"1551","Callum McManaman","Sunderland",NA
"1552","Ravel Morrison","Atlas FC",NA
"1553","Alfred N'Diaye","Wolverhampton Wanderers",NA
"1554","Danny Drinkwater","Chelsea",3.5e+07
"1555","Mamadou Sakho","Crystal Palace",2.6e+07
"1556","Liam Walsh","Birmingham City",NA
"1557","Oliver McBurnie","Barnsley",NA
"1558","Jonny Williams","Sunderland",NA
"1559","Richie Towell","Rotherham United",NA
"1560","Adam Federici","Nottingham Forest",NA
"1561","Keshi Anderson","Swindon Town",NA
"1562","Nordin Amrabat","Leganés",NA
"1563","Andreas Pereira","Valencia",NA
"1564","Johannes Geis","Sevilla",1650000
"1565","Gonçalo Guedes","Valencia",NA
"1566","Nano","Levante",NA
"1567","Costel Pantilimon","Deportivo La Coruña",NA
"1568","Sergio Sánchez","Espanyol",NA
"1569","José Naranjo","Leganés",NA
"1570","Munir El Haddadi","Alavés",NA
"1571","Loïc Rémy","Las Palmas",NA
"1572","David Timor","Girona",NA
"1573","Jefferson Montero","Getafe",NA
"1574","Michael Olunga","Girona",NA
"1575","Erick Cabaco","Levante",NA
"1576","Vinícius Araújo","Real Zaragoza",NA
"1577","Oussama Tannane","Las Palmas",NA
"1578","Roman Zozulya","Albacete",NA
"1579","Álvaro Medrán","Alavés",NA
"1580","Roberto Inglese","Chievo",NA
"1581","Thomas Touré","Angers",1530000
